<Configuration>
<Add OfficeClientEdition="64" Channel="PerpetualVL2021">
<Product ID="ProPlus2021Volume" PIDKEY="FXYTK-NJJ8C-GB6DW-3DYQT-6F7TH">
<Language ID="hu-hu" />
<ExcludeApp ID="Access" />
<ExcludeApp ID="PowerPoint" />
<ExcludeApp ID="Excel" />
<ExcludeApp ID="Word" />
<ExcludeApp ID="Teams" />
<ExcludeApp ID="OneDrive" />
      <ExcludeApp ID="Lync" />
      <ExcludeApp ID="OneNote" />
      <ExcludeApp ID="Outlook" />
      <ExcludeApp ID="Publisher" />

</Product>
</Add>
<Updates Enabled="TRUE" />
<Display Level="Full" AcceptEULA="TRUE" />
<Property Name="FORCEAPPSHUTDOWN" Value="TRUE"/>
</Configuration>
